n,dims,queries,seed,metric,M,efConstruction,efSearch,k,recall,exact_mean_us,hnsw_mean_us,hnsw_p50_us,hnsw_p95_us,build_ms,process_peak_rss_kib
10000,16,100,20261007,cosine,8,100,10,1,0.92,951.759,53.8521,45.259,87.982,2239.57,10112
10000,16,100,20261007,cosine,8,100,50,1,1,951.759,107.592,103.255,132.059,2239.57,10112
10000,16,100,20261007,cosine,8,100,100,1,1,951.759,187.584,178.199,229.205,2239.57,10112
10000,16,100,20261007,cosine,8,100,200,1,1,951.759,333.095,319.131,424.139,2239.57,10112
10000,16,100,20261007,cosine,8,100,10,5,0.814,919.589,54.5769,45.719,93.511,2239.57,10112
10000,16,100,20261007,cosine,8,100,50,5,0.99,919.589,114.517,105.028,161.053,2239.57,10112
10000,16,100,20261007,cosine,8,100,100,5,0.998,919.589,187.536,175.425,244.569,2239.57,10112
10000,16,100,20261007,cosine,8,100,200,5,1,919.589,334.442,320.053,396.708,2239.57,10112
10000,16,100,20261007,cosine,8,100,10,10,0.774,949.712,48.4058,41.783,82.144,2239.57,10112
10000,16,100,20261007,cosine,8,100,50,10,0.988,949.712,104.173,98.849,127.743,2239.57,10112
10000,16,100,20261007,cosine,8,100,100,10,0.999,949.712,181.076,170.828,235.675,2239.57,10112
10000,16,100,20261007,cosine,8,100,200,10,1,949.712,316.411,303.327,379.162,2239.57,10112
10000,16,100,20261007,cosine,8,200,10,1,0.91,911.501,52.3684,47.171,85.779,3446.85,10112
10000,16,100,20261007,cosine,8,200,50,1,1,911.501,113.829,109.285,135.424,3446.85,10112
10000,16,100,20261007,cosine,8,200,100,1,1,911.501,181.001,173.952,195.866,3446.85,10112
10000,16,100,20261007,cosine,8,200,200,1,1,911.501,323.578,316.527,365.471,3446.85,10112
10000,16,100,20261007,cosine,8,200,10,5,0.814,941.584,48.3123,43.396,86.22,3446.85,10112
10000,16,100,20261007,cosine,8,200,50,5,0.992,941.584,112.272,101.433,158.058,3446.85,10112
10000,16,100,20261007,cosine,8,200,100,5,0.998,941.584,179.442,170.978,218.399,3446.85,10112
10000,16,100,20261007,cosine,8,200,200,5,1,941.584,314.127,309.177,349.948,3446.85,10112
10000,16,100,20261007,cosine,8,200,10,10,0.775,899.138,46.0188,39.8,82.694,3446.85,10112
10000,16,100,20261007,cosine,8,200,50,10,0.989,899.138,102.791,100.722,118.819,3446.85,10112
10000,16,100,20261007,cosine,8,200,100,10,0.999,899.138,175.418,168.495,210.257,3446.85,10112
10000,16,100,20261007,cosine,8,200,200,10,1,899.138,317.821,307.263,366.242,3446.85,10112
10000,16,100,20261007,cosine,16,100,10,1,0.97,996.583,76.6659,64.788,149.586,4716.19,10112
10000,16,100,20261007,cosine,16,100,50,1,1,996.583,186.409,168.755,227.302,4716.19,10112
10000,16,100,20261007,cosine,16,100,100,1,1,996.583,315.712,288.776,451.982,4716.19,10112
10000,16,100,20261007,cosine,16,100,200,1,1,996.583,583.421,532.924,831.073,4716.19,10112
10000,16,100,20261007,cosine,16,100,10,5,0.92,935.833,75.9126,61.133,162.896,4716.19,10112
10000,16,100,20261007,cosine,16,100,50,5,0.998,935.833,188.593,163.096,317.839,4716.19,10112
10000,16,100,20261007,cosine,16,100,100,5,1,935.833,320.29,295.807,422.237,4716.19,10112
10000,16,100,20261007,cosine,16,100,200,5,1,935.833,551.482,524.03,743.011,4716.19,10112
10000,16,100,20261007,cosine,16,100,10,10,0.903,972.22,92.0986,72.429,189.335,4716.19,10112
10000,16,100,20261007,cosine,16,100,50,10,0.998,972.22,185.747,168.985,270.297,4716.19,10112
10000,16,100,20261007,cosine,16,100,100,10,1,972.22,322.263,292.722,484.901,4716.19,10112
10000,16,100,20261007,cosine,16,100,200,10,1,972.22,572.342,546.364,744.904,4716.19,10112
10000,16,100,20261007,cosine,16,200,10,1,0.97,974.465,86.5947,73.731,160.482,6391.49,10112
10000,16,100,20261007,cosine,16,200,50,1,1,974.465,183.526,167.242,260.153,6391.49,10112
10000,16,100,20261007,cosine,16,200,100,1,1,974.465,312.682,289.647,473.384,6391.49,10112
10000,16,100,20261007,cosine,16,200,200,1,1,974.465,549.096,520.154,752.275,6391.49,10112
10000,16,100,20261007,cosine,16,200,10,5,0.922,999.268,89.0093,78.548,159.11,6391.49,10112
10000,16,100,20261007,cosine,16,200,50,5,0.998,999.268,178.816,162.725,257.618,6391.49,10112
10000,16,100,20261007,cosine,16,200,100,5,1,999.268,285.481,272.501,352.172,6391.49,10112
10000,16,100,20261007,cosine,16,200,200,5,1,999.268,573.816,542.789,781.97,6391.49,10112
10000,16,100,20261007,cosine,16,200,10,10,0.903,969.771,93.4546,77.327,180.082,6391.49,10112
10000,16,100,20261007,cosine,16,200,50,10,0.998,969.771,170.017,159.12,221.084,6391.49,10112
10000,16,100,20261007,cosine,16,200,100,10,1,969.771,291.729,273.102,357.589,6391.49,10112
10000,16,100,20261007,cosine,16,200,200,10,1,969.771,542.992,513.575,720.867,6391.49,10112
10000,16,100,20261007,cosine,32,100,10,1,1,910.341,101.087,85.078,198.058,12013.6,10112
10000,16,100,20261007,cosine,32,100,50,1,1,910.341,265.06,256.707,311.15,12013.6,10112
10000,16,100,20261007,cosine,32,100,100,1,1,910.341,450.255,443.229,521.556,12013.6,10112
10000,16,100,20261007,cosine,32,100,200,1,1,910.341,736.844,712.605,924.114,12013.6,10112
10000,16,100,20261007,cosine,32,100,10,5,0.99,900.048,109.43,87.903,223.247,12013.6,10112
10000,16,100,20261007,cosine,32,100,50,5,1,900.048,287.137,258.64,314.434,12013.6,10112
10000,16,100,20261007,cosine,32,100,100,5,1,900.048,466.655,451.2,552.814,12013.6,10112
10000,16,100,20261007,cosine,32,100,200,5,1,900.048,780.003,744.342,950.754,12013.6,10112
10000,16,100,20261007,cosine,32,100,10,10,0.976,904.843,98.8495,83.366,191.769,12013.6,10112
10000,16,100,20261007,cosine,32,100,50,10,1,904.843,279.528,250.929,310.068,12013.6,10112
10000,16,100,20261007,cosine,32,100,100,10,1,904.843,441.828,438.321,492.362,12013.6,10112
10000,16,100,20261007,cosine,32,100,200,10,1,904.843,702.679,670.691,903.342,12013.6,10112
10000,16,100,20261007,cosine,32,200,10,1,1,964.909,103.716,87.031,201.163,14225.8,10112
10000,16,100,20261007,cosine,32,200,50,1,1,964.909,281.455,257.238,396.898,14225.8,10112
10000,16,100,20261007,cosine,32,200,100,1,1,964.909,469.783,437.821,668.148,14225.8,10112
10000,16,100,20261007,cosine,32,200,200,1,1,964.909,765.247,712.765,1036.42,14225.8,10112
10000,16,100,20261007,cosine,32,200,10,5,0.99,932.186,103.84,87.572,187.172,14225.8,10112
10000,16,100,20261007,cosine,32,200,50,5,1,932.186,273.265,251.71,391.13,14225.8,10112
10000,16,100,20261007,cosine,32,200,100,5,1,932.186,452.063,429.718,646.986,14225.8,10112
10000,16,100,20261007,cosine,32,200,200,5,1,932.186,753.488,695.458,1067.56,14225.8,10112
10000,16,100,20261007,cosine,32,200,10,10,0.977,898.574,113.487,97.618,188.715,14225.8,10112
10000,16,100,20261007,cosine,32,200,50,10,1,898.574,269.322,251.349,364.62,14225.8,10112
10000,16,100,20261007,cosine,32,200,100,10,1,898.574,448.727,429.077,648.558,14225.8,10112
10000,16,100,20261007,cosine,32,200,200,10,1,898.574,724.719,678.774,1031.89,14225.8,10112
